{
  "T": 2.35,
  "L0": 64,
  "n_samples": 2000,
  "seed": 23500,
  "levels": [
    {
      "level": 0,
      "L": 64,
      "xi_fourier": 16.098,
      "xi_fit": 4.905,
      "xi_over_L": 0.2515,
      "xi_second_moment": 6.045,
      "series": {
        "m4_fixed": {
          "kappa": 0.24091548876728514,
          "kappa_err": 0.0005080382497224944,
          "ic": 0.9559065612642665,
          "h_interior": 3.9678086542108324,
          "h_blanket": 4.377982136830889,
          "mi_method": "magnetization",
          "m": 4,
          "n_samples": 2000,
          "n_blocks": 150
        },
        "m2_fixed": {
          "kappa": 0.3275486836734739,
          "kappa_err": 0.0006229073550853349,
          "ic": 1.012260436902837,
          "h_interior": 3.09041216575896,
          "h_blanket": 8.604801260965969,
          "mi_method": "plugin",
          "m": 2,
          "n_samples": 2000,
          "n_blocks": 150
        },
        "adaptive": {
          "kappa": 0.24117948393317862,
          "kappa_err": 0.0004894556240619979,
          "ic": 0.9573956992439971,
          "h_interior": 3.969639886572002,
          "h_blanket": 4.378427131959761,
          "mi_method": "magnetization",
          "m": 4,
          "n_samples": 2000,
          "n_blocks": 150
        }
      }
    },
    {
      "level": 1,
      "L": 32,
      "xi_fourier": 8.064,
      "xi_fit": 2.45,
      "xi_over_L": 0.252,
      "xi_second_moment": 3.268,
      "series": {
        "m4_fixed": {
          "kappa": 0.20897758885953463,
          "kappa_err": 0.0004351600510495228,
          "ic": 0.8465406330235273,
          "h_interior": 4.050868026774555,
          "h_blanket": 4.370789132928346,
          "mi_method": "magnetization",
          "m": 4,
          "n_samples": 2000,
          "n_blocks": 150
        },
        "m2_fixed": {
          "kappa": 0.2852496878124395,
          "kappa_err": 0.0005654967107351669,
          "ic": 0.9290671823724218,
          "h_interior": 3.257031373101142,
          "h_blanket": 9.244594838937024,
          "mi_method": "plugin",
          "m": 2,
          "n_samples": 2000,
          "n_blocks": 150
        },
        "adaptive": {
          "kappa": 0.28627532407987094,
          "kappa_err": 0.0008056491694551401,
          "ic": 0.9316565896783973,
          "h_interior": 3.2544075975562063,
          "h_blanket": 9.26161131041447,
          "mi_method": "plugin",
          "m": 2,
          "n_samples": 2000,
          "n_blocks": 150
        }
      }
    },
    {
      "level": 2,
      "L": 16,
      "xi_fourier": 4.004,
      "xi_fit": 1.21,
      "xi_over_L": 0.2502,
      "xi_second_moment": 1.877,
      "series": {
        "m4_fixed": {
          "kappa": 0.1585449333909538,
          "kappa_err": 0.0005263485542761557,
          "ic": 0.64688632835008,
          "h_interior": 4.08014507000947,
          "h_blanket": 4.265155897451356,
          "mi_method": "magnetization",
          "m": 4,
          "n_samples": 2000,
          "n_blocks": 150
        },
        "m2_fixed": {
          "kappa": 0.24844453739404723,
          "kappa_err": 0.0006393000199653268,
          "ic": 0.8521810369204842,
          "h_interior": 3.4300655021803776,
          "h_blanket": 9.964314474948674,
          "mi_method": "plugin",
          "m": 2,
          "n_samples": 2000,
          "n_blocks": 150
        },
        "adaptive": {
          "kappa": 0.24880489058692798,
          "kappa_err": 0.00048428790252339187,
          "ic": 0.8519982693640326,
          "h_interior": 3.4243630314266658,
          "h_blanket": 9.955975784519795,
          "mi_method": "plugin",
          "m": 2,
          "n_samples": 2000,
          "n_blocks": 150
        }
      }
    }
  ],
  "metadata": {
    "n_equil": 3000,
    "thinning": 5,
    "alpha": 0.5,
    "n_blocks": 150,
    "n_bootstrap": 30,
    "c_adaptive": 2.0,
    "numba": true,
    "timestamp": "2026-03-16T02:46:06.519204+00:00",
    "runtime_seconds": 33.5
  }
}