{
  "T": 2.35,
  "L0": 256,
  "n_samples": 5000,
  "seed": 23500,
  "levels": [
    {
      "level": 0,
      "L": 256,
      "xi_fourier": 13.805,
      "xi_fit": 8.782,
      "xi_over_L": 0.0539,
      "xi_second_moment": 12.978,
      "series": {
        "m4_fixed": {
          "kappa": 0.2374026030184406,
          "kappa_err": 0.00027906379200327646,
          "ic": 0.9452299308093783,
          "h_interior": 3.981548301456308,
          "h_blanket": 4.382880555933233,
          "mi_method": "magnetization",
          "m": 4,
          "n_samples": 5000,
          "n_blocks": 200
        },
        "m2_fixed": {
          "kappa": 0.34459097453945114,
          "kappa_err": 0.00038050689538574793,
          "ic": 1.0298448466459986,
          "h_interior": 2.9886007549164493,
          "h_blanket": 8.285033930706977,
          "mi_method": "plugin",
          "m": 2,
          "n_samples": 5000,
          "n_blocks": 200
        },
        "adaptive": {
          "kappa": 0.16920346451981266,
          "kappa_err": 0.00014451418351948167,
          "ic": 1.0101283611077772,
          "h_interior": 5.969903535807906,
          "h_blanket": 5.143990451246897,
          "mi_method": "magnetization",
          "m": 8,
          "n_samples": 5000,
          "n_blocks": 200
        }
      }
    },
    {
      "level": 1,
      "L": 128,
      "xi_fourier": 7.055,
      "xi_fit": 3.973,
      "xi_over_L": 0.0551,
      "xi_second_moment": 6.795,
      "series": {
        "m4_fixed": {
          "kappa": 0.20308132564269335,
          "kappa_err": 0.00022301994477712673,
          "ic": 0.8248266852184761,
          "h_interior": 4.061558504250154,
          "h_blanket": 4.361564640317633,
          "mi_method": "magnetization",
          "m": 4,
          "n_samples": 5000,
          "n_blocks": 200
        },
        "m2_fixed": {
          "kappa": 0.2962673700050842,
          "kappa_err": 0.00040923539454079693,
          "ic": 0.9414189048003302,
          "h_interior": 3.1775990207229863,
          "h_blanket": 9.023956201733844,
          "mi_method": "plugin",
          "m": 2,
          "n_samples": 5000,
          "n_blocks": 200
        },
        "adaptive": {
          "kappa": 0.1786716796791699,
          "kappa_err": 0.0002432891158367737,
          "ic": 0.8372779629320609,
          "h_interior": 4.686125772341264,
          "h_blanket": 4.57425491711345,
          "mi_method": "magnetization",
          "m": 5,
          "n_samples": 5000,
          "n_blocks": 200
        }
      }
    },
    {
      "level": 2,
      "L": 64,
      "xi_fourier": 3.558,
      "xi_fit": 2.313,
      "xi_over_L": 0.0556,
      "xi_second_moment": 3.658,
      "series": {
        "m4_fixed": {
          "kappa": 0.1491882003984533,
          "kappa_err": 0.00027179071990795963,
          "ic": 0.6080891760997252,
          "h_interior": 4.075987071870529,
          "h_blanket": 4.217216876671487,
          "mi_method": "magnetization",
          "m": 4,
          "n_samples": 5000,
          "n_blocks": 200
        },
        "m2_fixed": {
          "kappa": 0.24319685795341256,
          "kappa_err": 0.00039901248731510783,
          "ic": 0.823020389555425,
          "h_interior": 3.3841736134316545,
          "h_blanket": 9.836018372962727,
          "mi_method": "plugin",
          "m": 2,
          "n_samples": 5000,
          "n_blocks": 200
        },
        "adaptive": {
          "kappa": 0.14930654048060266,
          "kappa_err": 0.00028183103889313076,
          "ic": 0.6086256115570994,
          "h_interior": 4.076349298550452,
          "h_blanket": 4.217736355559244,
          "mi_method": "magnetization",
          "m": 4,
          "n_samples": 5000,
          "n_blocks": 200
        }
      }
    },
    {
      "level": 3,
      "L": 32,
      "xi_fourier": 1.827,
      "xi_fit": 1.203,
      "xi_over_L": 0.0571,
      "xi_second_moment": 2.076,
      "series": {
        "m4_fixed": {
          "kappa": 0.08330345432073157,
          "kappa_err": 0.00021322866377971805,
          "ic": 0.3297581151805504,
          "h_interior": 3.958516701011331,
          "h_blanket": 3.9439954576777407,
          "mi_method": "magnetization",
          "m": 4,
          "n_samples": 5000,
          "n_blocks": 200
        },
        "m2_fixed": {
          "kappa": 0.17545975134236164,
          "kappa_err": 0.00036950857487962155,
          "ic": 0.6337399017315561,
          "h_interior": 3.611881909572449,
          "h_blanket": 10.699673514034252,
          "mi_method": "plugin",
          "m": 2,
          "n_samples": 5000,
          "n_blocks": 200
        },
        "adaptive": {
          "kappa": 0.17536898229828188,
          "kappa_err": 0.0003349222846081392,
          "ic": 0.6333488086624137,
          "h_interior": 3.6115212642630405,
          "h_blanket": 10.701044509461838,
          "mi_method": "plugin",
          "m": 2,
          "n_samples": 5000,
          "n_blocks": 200
        }
      }
    },
    {
      "level": 4,
      "L": 16,
      "xi_fourier": 0.965,
      "xi_fit": 0.577,
      "xi_over_L": 0.0603,
      "xi_second_moment": 1.321,
      "series": {
        "m4_fixed": {
          "kappa": 0.03241379844214501,
          "kappa_err": 0.00016849222273245524,
          "ic": 0.11969704046845761,
          "h_interior": 3.692780427511555,
          "h_blanket": 3.645853945584116,
          "mi_method": "magnetization",
          "m": 4,
          "n_samples": 5000,
          "n_blocks": 200
        },
        "m2_fixed": {
          "kappa": 0.1025358705935356,
          "kappa_err": 0.00024018242850356198,
          "ic": 0.3916931504579745,
          "h_interior": 3.8200597331512673,
          "h_blanket": 11.422895240221298,
          "mi_method": "plugin",
          "m": 2,
          "n_samples": 5000,
          "n_blocks": 200
        },
        "adaptive": {
          "kappa": 0.1022180642264777,
          "kappa_err": 0.0002214412525937796,
          "ic": 0.39054661145794656,
          "h_interior": 3.8207200890895243,
          "h_blanket": 11.419264817667305,
          "mi_method": "plugin",
          "m": 2,
          "n_samples": 5000,
          "n_blocks": 200
        }
      }
    }
  ],
  "metadata": {
    "n_equil": 5000,
    "thinning": 5,
    "alpha": 0.5,
    "n_blocks": 200,
    "n_bootstrap": 50,
    "c_adaptive": 2.0,
    "numba": true,
    "timestamp": "2026-03-16T04:52:02.748495+00:00",
    "runtime_seconds": 248.5
  }
}