{
  "T": 2.1,
  "L0": 256,
  "n_samples": 5000,
  "seed": 21000,
  "levels": [
    {
      "level": 0,
      "L": 256,
      "xi_fourier": 256.0,
      "xi_fit": 6.231,
      "xi_over_L": 1.0,
      "xi_second_moment": 2.682,
      "series": {
        "m4_fixed": {
          "kappa": 0.3635062115456001,
          "kappa_err": 0.0002544543644858205,
          "ic": 1.0804353512977254,
          "h_interior": 2.972261042538444,
          "h_blanket": 3.263383318393481,
          "mi_method": "magnetization",
          "m": 4,
          "n_samples": 5000,
          "n_blocks": 200
        },
        "m2_fixed": {
          "kappa": 0.48833056814188763,
          "kappa_err": 0.0005011592624670205,
          "ic": 1.0759803493781592,
          "h_interior": 2.2033852057885635,
          "h_blanket": 5.017034804715092,
          "mi_method": "plugin",
          "m": 2,
          "n_samples": 5000,
          "n_blocks": 200
        },
        "adaptive": {
          "kappa": 0.24025186087949355,
          "kappa_err": 0.00012156072053099207,
          "ic": 1.1032800376811889,
          "h_interior": 4.592181028868602,
          "h_blanket": 3.888980012562316,
          "mi_method": "magnetization",
          "m": 8,
          "n_samples": 5000,
          "n_blocks": 200
        }
      }
    },
    {
      "level": 1,
      "L": 128,
      "xi_fourier": 128.0,
      "xi_fit": 0.864,
      "xi_over_L": 1.0,
      "xi_second_moment": 1.722,
      "series": {
        "m4_fixed": {
          "kappa": 0.4127121373733261,
          "kappa_err": 0.00028920403624882875,
          "ic": 1.0475945749807312,
          "h_interior": 2.5383178252233245,
          "h_blanket": 2.7590118063333238,
          "mi_method": "magnetization",
          "m": 4,
          "n_samples": 5000,
          "n_blocks": 200
        },
        "m2_fixed": {
          "kappa": 0.5417543918127156,
          "kappa_err": 0.0006721332748682294,
          "ic": 1.0645506863417735,
          "h_interior": 1.9650061031896324,
          "h_blanket": 4.081500319744187,
          "mi_method": "plugin",
          "m": 2,
          "n_samples": 5000,
          "n_blocks": 200
        },
        "adaptive": {
          "kappa": 0.3541500796578371,
          "kappa_err": 0.00022369887870823146,
          "ic": 1.0506692723042264,
          "h_interior": 2.966734536158605,
          "h_blanket": 2.928637436209509,
          "mi_method": "magnetization",
          "m": 5,
          "n_samples": 5000,
          "n_blocks": 200
        }
      }
    },
    {
      "level": 2,
      "L": 64,
      "xi_fourier": 64.0,
      "xi_fit": 0.522,
      "xi_over_L": 1.0,
      "xi_second_moment": 1.251,
      "series": {
        "m4_fixed": {
          "kappa": 0.5183787510429695,
          "kappa_err": 0.00033150897012033487,
          "ic": 1.0148571461387783,
          "h_interior": 1.957752211287408,
          "h_blanket": 2.1050958716862764,
          "mi_method": "magnetization",
          "m": 4,
          "n_samples": 5000,
          "n_blocks": 200
        },
        "m2_fixed": {
          "kappa": 0.650479863793894,
          "kappa_err": 0.0006368197196074907,
          "ic": 1.0718638078766978,
          "h_interior": 1.6478047477520692,
          "h_blanket": 2.9393140727498315,
          "mi_method": "plugin",
          "m": 2,
          "n_samples": 5000,
          "n_blocks": 200
        },
        "adaptive": {
          "kappa": 0.518899191266797,
          "kappa_err": 0.0003611259447822687,
          "ic": 1.014647933716215,
          "h_interior": 1.9553854598214708,
          "h_blanket": 2.1056877380165635,
          "mi_method": "magnetization",
          "m": 4,
          "n_samples": 5000,
          "n_blocks": 200
        }
      }
    },
    {
      "level": 3,
      "L": 32,
      "xi_fourier": 32.0,
      "xi_fit": 0.284,
      "xi_over_L": 1.0,
      "xi_second_moment": 1.042,
      "series": {
        "m4_fixed": {
          "kappa": 0.7268216465068759,
          "kappa_err": 0.0006264125997640524,
          "ic": 1.0023658857037192,
          "h_interior": 1.3791084656340606,
          "h_blanket": 1.4460643090583585,
          "mi_method": "magnetization",
          "m": 4,
          "n_samples": 5000,
          "n_blocks": 200
        },
        "m2_fixed": {
          "kappa": 0.7945622981794657,
          "kappa_err": 0.0005306839323617338,
          "ic": 1.0979261127385433,
          "h_interior": 1.3817999107863002,
          "h_blanket": 2.020287742738676,
          "mi_method": "plugin",
          "m": 2,
          "n_samples": 5000,
          "n_blocks": 200
        },
        "adaptive": {
          "kappa": 0.7951519191067369,
          "kappa_err": 0.0006022636683351881,
          "ic": 1.0982922043296366,
          "h_interior": 1.3812356833187844,
          "h_blanket": 2.016746823302738,
          "mi_method": "plugin",
          "m": 2,
          "n_samples": 5000,
          "n_blocks": 200
        }
      }
    },
    {
      "level": 4,
      "L": 16,
      "xi_fourier": 16.0,
      "xi_fit": 16.0,
      "xi_over_L": 1.0,
      "xi_second_moment": 1.0,
      "series": {
        "m4_fixed": {
          "kappa": 0.9414575321634674,
          "kappa_err": 0.0005255671163097495,
          "ic": 1.0012150288048975,
          "h_interior": 1.0634733852562712,
          "h_blanket": 1.0768702525814953,
          "mi_method": "magnetization",
          "m": 4,
          "n_samples": 5000,
          "n_blocks": 200
        },
        "m2_fixed": {
          "kappa": 0.8827052472374189,
          "kappa_err": 0.00031370981742158654,
          "ic": 1.124694809278809,
          "h_interior": 1.27414537615896,
          "h_blanket": 1.615813095867825,
          "mi_method": "plugin",
          "m": 2,
          "n_samples": 5000,
          "n_blocks": 200
        },
        "adaptive": {
          "kappa": 0.8824949334901038,
          "kappa_err": 0.00033603528166466744,
          "ic": 1.1245804344058907,
          "h_interior": 1.27431942295508,
          "h_blanket": 1.615928222321696,
          "mi_method": "plugin",
          "m": 2,
          "n_samples": 5000,
          "n_blocks": 200
        }
      }
    }
  ],
  "metadata": {
    "n_equil": 5000,
    "thinning": 5,
    "alpha": 0.5,
    "n_blocks": 200,
    "n_bootstrap": 50,
    "c_adaptive": 2.0,
    "numba": true,
    "timestamp": "2026-03-16T04:29:04.339664+00:00",
    "runtime_seconds": 311.5
  }
}